{
  "no_munur": "Iptal",
  "onay_munur": "Onay",
  "erkekTepkiID": "erkek",
  "kadınTepkiID": "kadin",
  "serverTag": "serverTag",
  "chatSusturuldu": "chatMute",
  "sesSusturuldu": "voiceMute",
  "giris": "1064476194793324544",
  "cikis": "",
  "Cezalandırıldı": "Cezalandirildi",
  "Yasaklandı": "Yasaklandi",
  "sesMuteKaldırıldı": "unVoiceMute",
  "chatMuteKaldırıldı": "unChatMute",
  "Konfeti": "KonfetiGif",
  "Icon": "rubyBit",
  "cartelimEmojiID": "members",
  "sarıYıldız": "sariYildiz",
  "boostluNitro": "boostluNitro",
  "klasikNitro": "klasikNitro",
  "Netflix": "netflix",
  "Spotify": "spotify",
  "Exxen": "exxen",
  "Youtube": "youtube",
  "voiceDeaf": "voiceDeaf",
  "One": "munur_bir",
  "Two": "munur_iki",
  "Three": "munur_uc",
  "Four": "munur_dort",
  "Five": "munur_bes",
  "Six": "munur_alti",
  "Seven": "munur_yedi",
  "Eight": "munur_sekiz",
  "Nine": "munur_dokuz",
  "Zero": "munur_sifir",
  "Terfi": {
    "başlangıçBar": "baslangicBar",
    "başlamaBar": "baslamaBar",
    "doluBar": "doluBar",
    "doluBitişBar": "doluBitisBar",
    "boşBar": "bosBar",
    "boşBitişBar": "bosBitisBar",
    "icon": "miniicon",
    "miniicon": "miniicon"
  },
  "Görev": {
    "OK": "tamamlandi",
    "Sandık": "sandik",
    "Taglı": "tagged",
    "Para": "a_coins",
    "XP": "xp",
    "Ses": "talking",
    "Yetkili": "staff",
    "Kek": "kekcookie",
    "Mesaj": "chating",
    "Altın": "a_golds"
  }
}